{
  "quantization_evaluation": {
    "FP32": {
      "perplexity": 171.9599122180899,
      "model_size_mb": 72.0,
      "throughput_tokens_per_sec": 21521.872532419602,
      "efficiency_score": 1.7382824428550752
    },
    "16-bit": {
      "perplexity": 171.9599122180899,
      "model_size_mb": 36.0,
      "throughput_tokens_per_sec": 21873.703462641264,
      "efficiency_score": 3.5333983724745037
    },
    "4-bit": {
      "perplexity": 169.29049815427,
      "model_size_mb": 9.0,
      "throughput_tokens_per_sec": 21815.695819329107,
      "efficiency_score": 14.318383066832148
    },
    "Mixed": {
      "perplexity": 1298.0852649407652,
      "model_size_mb": 22.5,
      "throughput_tokens_per_sec": 21815.673657386174,
      "efficiency_score": 0.7469351375220137
    },
    "Progressive": {
      "perplexity": 194.70048294009663,
      "model_size_mb": 20.25,
      "throughput_tokens_per_sec": 21885.908557480885,
      "efficiency_score": 5.551016574054202
    }
  },
  "adversarial_robustness": {
    "static": {
      "clean_accuracy": 0.403984375,
      "robust_accuracy": 0.4015625,
      "robustness_gap": 0.0024218750000000178,
      "robustness_ratio": 0.9940050280409978
    },
    "dynamic": {
      "clean_accuracy": 0.408671875,
      "robust_accuracy": 0.410703125,
      "robustness_gap": -0.0020312499999999845,
      "robustness_ratio": 1.0049703689543108
    }
  },
  "training_metrics": {
    "final_loss": 2.5,
    "iterations": 200
  },
  "insights": {
    "best_config": "4-bit",
    "robustness_improvement": 0.011031474292362287
  }
}